{"cameraMode":{"drawMode":0,"name":"Shaded","section":"Shading Mode"},"sceneLighting":true,"audioPlay":false,"sceneViewState":{"m_AlwaysRefresh":false,"showFog":true,"showSkybox":true,"showFlares":true,"showImageEffects":true,"showParticleSystems":true,"showVisualEffectGraphs":true,"m_FxEnabled":true},"in2DMode":false,"pivot":{"x":295.2040100097656,"y":126.66326904296875,"z":-6.7686004638671879},"rotation":{"x":-0.006309443153440952,"y":0.0035974900238215925,"z":-0.00002263673195557203,"w":-0.999974250793457},"size":273.0448303222656,"orthographic":true}